{"flutter":{"platforms":{"android":{"default":{"projectId":"fasum-app-336a6","appId":"1:1058215506499:android:6dbde61117089c1d1b5af6","fileOutput":"android/app/google-services.json"}},"dart":{"lib/firebase_options.dart":{"projectId":"fasum-app-336a6","configurations":{"android":"1:1058215506499:android:6dbde61117089c1d1b5af6","ios":"1:1058215506499:ios:d9c3acddd22a01311b5af6","macos":"1:1058215506499:ios:d9c3acddd22a01311b5af6","web":"1:1058215506499:web:444b357c396d90bf1b5af6","windows":"1:1058215506499:web:9819d2e8aa724b7f1b5af6"}}}}}}